"","Attrition","Gender","Age","MaritalStatus","EducationField","Level of Education","MonthlyIncome","DistanceFromHome","NumCompaniesWorked","JobLevel","OverTime","PercentSalaryHike","PerformanceRating","BusinessTravel","StockOptionLevel","YearsAtCompany","YearsInCurrentRole","YearsSinceLastPromotion","YearsWithCurrManager","EnvironmentSatisfaction","JobInvolvement","JobSatisfaction","RelationshipSatisfaction","WorkLifeBalance","Prediction"
"1","0","0",49,"2","2",1,5130,8,1,2,"0",23,4,"2",1,10,7,1,7,3,2,2,4,3,"0"
"2","1","0",37,"1","5",2,2090,2,6,1,"1",15,3,"3",0,0,0,0,0,4,2,3,2,3,"0"
"3","0","0",27,"2","4",1,3468,2,9,1,"0",12,3,"3",1,2,2,2,2,1,3,2,4,3,"0"
"4","0","0",31,"3","2",1,2911,26,1,1,"0",17,3,"3",1,5,2,4,3,1,3,3,4,2,"0"
"5","0","0",34,"3","4",2,2661,19,0,1,"0",11,3,"3",1,2,2,1,2,2,3,4,3,3,"0"
"6","1","0",36,"1","2",4,3407,9,7,1,"0",23,4,"3",0,5,3,0,3,3,2,1,2,3,"0"
"7","1","0",34,"1","4",1,2960,6,2,1,"0",11,3,"3",0,4,2,1,3,2,3,1,3,3,"0"
"8","0","1",44,"2","4",4,10248,7,3,3,"0",14,3,"3",1,22,6,5,17,1,2,4,4,3,"0"
"9","0","1",46,"1","3",4,18947,2,3,5,"0",12,3,"3",0,2,2,2,1,2,3,1,4,2,"0"
"10","0","0",33,"1","4",3,2496,2,4,1,"0",11,3,"3",0,1,1,0,0,3,3,4,4,3,"0"
"11","0","0",30,"1","4",2,2206,9,1,1,"0",13,3,"3",0,10,0,1,8,4,2,3,1,3,"0"
"12","1","0",24,"2","4",3,2293,1,2,1,"1",16,3,"3",1,2,0,2,0,2,3,4,1,2,"0"
"13","0","0",27,"1","2",3,8726,8,1,3,"0",15,3,"2",0,9,8,1,7,4,3,3,4,3,"0"
"14","1","1",41,"2","6",3,19545,12,1,5,"0",12,3,"3",0,22,15,15,8,2,3,3,4,3,"0"
"15","0","1",44,"3","3",5,5454,1,5,2,"1",21,4,"3",1,4,3,1,3,2,3,1,3,2,"0"
"16","0","1",59,"1","2",1,5473,1,7,2,"0",11,3,"2",0,4,3,1,3,1,2,3,4,2,"0"
"17","0","0",31,"1","4",4,2501,1,1,1,"0",17,3,"3",0,1,1,1,0,3,3,2,2,3,"0"
"18","0","0",32,"2","2",3,6220,1,1,2,"0",17,3,"3",2,10,4,0,9,2,3,2,2,3,"0"
"19","0","0",35,"1","3",4,4312,1,0,2,"0",14,3,"3",0,15,13,2,8,3,2,1,2,3,"0"
"20","0","0",46,"2","4",3,10673,1,2,3,"1",13,3,"2",1,10,9,9,5,3,2,1,3,2,"0"
"21","0","0",32,"1","4",4,5010,6,1,2,"0",16,3,"3",0,11,8,5,7,2,3,3,1,3,"0"
"22","0","0",28,"2","4",3,4221,4,1,2,"0",15,3,"1",0,5,4,0,4,2,3,3,2,4,"0"
"23","0","0",58,"1","4",4,13872,10,0,4,"0",13,3,"3",0,37,10,1,8,4,3,3,3,2,"0"
"24","1","0",37,"3","1",4,2073,6,4,1,"1",22,4,"3",0,3,2,0,2,3,3,1,4,3,"0"
"25","0","1",50,"2","2",3,18172,1,3,5,"1",19,3,"2",0,8,3,0,7,1,3,2,1,2,"0"
"26","0","1",51,"1","4",4,7484,1,3,3,"0",20,4,"2",0,13,12,12,8,1,2,1,3,2,"0"
"27","0","0",37,"1","2",3,7428,3,2,3,"0",12,3,"3",0,5,3,1,3,3,3,4,1,3,"0"
"28","0","0",33,"2","3",2,6146,22,0,2,"0",13,3,"1",1,7,7,0,7,3,3,2,1,4,"0"
"29","1","1",56,"2","2",4,4963,14,9,1,"1",18,3,"3",3,5,4,4,3,2,3,2,1,3,"0"
"30","1","0",31,"2","2",4,6172,6,4,2,"1",18,3,"3",0,7,7,7,7,2,1,3,2,2,"0"
"31","1","1",31,"2","2",3,4559,20,3,2,"1",11,3,"3",1,2,2,2,2,2,1,3,3,3,"0"
"32","0","0",41,"3","2",1,8189,9,3,3,"1",13,3,"3",1,9,7,0,7,3,3,3,3,3,"0"
"33","0","0",30,"2","1",3,6347,9,0,2,"1",19,3,"3",0,11,9,4,7,3,3,4,4,1,"0"
"34","0","0",32,"3","4",2,4668,9,0,2,"0",17,3,"2",3,8,7,0,7,4,1,4,4,4,"0"
"35","0","0",41,"2","2",4,2238,9,2,1,"0",21,4,"3",1,5,0,1,4,3,3,1,4,3,"0"
"36","0","0",35,"2","3",5,7295,1,1,3,"0",13,3,"3",2,10,8,0,6,3,3,2,1,3,"0"
"37","0","0",27,"3","4",3,2024,9,6,1,"0",18,3,"1",1,2,2,2,2,4,3,2,4,1,"0"
"38","0","0",27,"3","4",3,2566,3,1,1,"1",15,3,"1",1,1,1,0,1,3,2,3,4,2,"0"
"39","0","1",38,"1","2",4,8686,1,4,2,"0",22,4,"3",0,8,3,0,7,1,2,4,3,4,"0"
"40","0","1",56,"3","2",3,4257,8,4,1,"1",18,3,"3",1,2,2,2,2,3,3,1,3,3,"0"
"41","0","1",34,"1","4",2,2311,27,2,1,"0",15,3,"3",0,3,2,1,2,4,3,2,4,3,"0"
"42","0","1",27,"1","4",3,2279,9,1,1,"0",16,3,"3",0,7,7,0,3,4,3,2,4,2,"0"
"43","0","0",43,"3","4",3,2089,7,4,1,"0",14,3,"1",3,5,4,2,2,4,4,4,4,4,"0"
"44","0","0",37,"2","2",3,3564,21,1,1,"1",12,3,"3",1,8,7,1,7,2,4,1,1,2,"0"
"45","1","0",38,"2","4",1,6673,29,7,2,"1",19,3,"3",0,1,0,0,0,2,3,1,2,3,"0"
"46","1","1",29,"2","3",3,7639,27,1,3,"0",22,4,"3",3,10,4,1,9,2,3,4,4,2,"0"
"47","0","0",22,"3","2",3,2328,5,1,1,"1",16,3,"3",1,4,2,2,2,4,4,2,1,2,"0"
"48","0","1",27,"1","2",3,9981,20,1,2,"0",14,3,"2",0,7,7,0,7,4,3,3,4,3,"0"
"49","1","1",30,"1","6",3,2657,3,5,1,"1",11,3,"3",0,5,2,0,4,4,3,1,3,3,"0"
"50","0","0",38,"3","2",3,10609,3,0,3,"0",12,3,"3",2,16,10,5,13,1,3,3,3,2,"0"
"51","0","1",35,"1","3",3,8789,1,1,3,"0",14,3,"2",0,10,7,0,8,3,3,3,1,4,"0"
"52","0","1",52,"1","2",3,3212,2,7,1,"0",15,3,"3",0,2,2,2,2,3,2,4,2,2,"0"
"53","0","1",50,"3","4",4,19517,1,3,5,"0",11,3,"3",1,7,0,0,6,4,3,4,3,2,"0"
"54","0","0",34,"2","2",4,5957,2,6,2,"0",13,3,"3",1,11,9,5,9,4,2,1,2,3,"0"
"55","0","0",32,"2","2",3,2794,7,1,1,"0",20,4,"2",0,5,1,0,3,2,4,2,3,1,"0"
"56","0","0",38,"2","2",2,5249,2,3,2,"0",18,3,"1",1,8,7,7,5,4,2,4,4,3,"0"
"57","0","0",31,"2","4",3,5582,23,0,2,"0",21,4,"3",1,9,0,7,8,2,2,4,2,3,"0"
"58","0","1",35,"3","2",3,11996,22,7,3,"0",18,3,"3",1,7,7,6,2,2,4,2,2,2,"0"
"59","0","1",26,"3","2",3,6397,1,1,2,"0",20,4,"2",1,6,5,1,4,3,3,2,1,1,"0"
"60","0","1",49,"1","2",4,18665,10,9,5,"1",11,3,"2",0,3,2,1,2,3,3,1,4,3,"0"
"61","0","0",37,"2","4",3,2326,9,1,1,"1",12,3,"2",3,4,2,1,2,2,3,4,3,2,"0"
"62","0","0",41,"1","2",4,16015,2,1,4,"0",19,3,"3",0,22,10,0,4,4,3,2,2,3,"0"
"63","0","1",18,"1","4",3,1200,10,1,1,"0",12,3,"3",0,0,0,0,0,4,2,3,1,3,"1"
"64","0","0",32,"2","2",3,5484,7,1,2,"0",14,3,"3",1,13,8,4,8,4,2,3,3,2,"0"
"65","0","0",27,"1","2",3,4478,2,1,2,"1",11,3,"3",0,5,4,0,4,4,3,3,1,3,"0"
"66","1","0",28,"2","4",4,3464,2,5,1,"1",13,3,"3",0,3,2,2,2,1,1,4,4,2,"0"
"67","0","1",31,"2","2",2,8943,7,1,3,"0",24,4,"2",1,10,9,8,9,3,2,3,1,3,"0"
"68","0","1",43,"2","2",3,9985,7,8,3,"0",16,3,"3",1,1,0,0,0,3,3,1,1,2,"0"
"69","0","0",38,"3","2",2,11510,15,0,3,"1",14,3,"3",1,11,10,2,9,3,2,4,2,3,"0"
"70","0","1",29,"3","3",1,8268,10,1,2,"1",14,3,"3",2,7,7,1,7,4,2,2,1,3,"0"
"71","0","0",23,"3","2",1,2904,26,1,1,"0",12,3,"3",2,4,2,0,2,3,3,4,3,2,"0"
"72","0","1",42,"1","2",5,15992,23,2,4,"0",14,3,"3",0,1,0,0,0,1,3,4,2,3,"0"
"73","0","1",48,"2","4",1,12504,29,3,3,"0",21,4,"3",1,0,0,0,0,1,3,3,2,1,"0"
"74","0","0",26,"2","2",3,5296,1,1,2,"0",17,3,"3",1,8,7,7,7,3,3,3,2,3,"0"
"75","1","1",21,"1","6",1,2174,1,1,1,"1",11,3,"2",0,3,2,1,2,1,2,2,3,3,"0"
"76","0","1",36,"1","4",5,6653,1,4,2,"0",15,3,"1",0,1,0,0,0,4,3,4,2,3,"0"
"77","0","1",40,"2","2",4,2213,10,3,1,"1",13,3,"3",1,7,7,1,7,4,4,3,3,3,"0"
"78","0","1",37,"2","4",3,3452,10,6,1,"0",20,4,"3",1,5,4,0,3,3,3,1,2,3,"0"
"79","0","1",46,"2","4",4,5258,7,2,2,"0",14,3,"1",0,1,0,0,0,3,3,3,3,4,"0"
"80","0","0",27,"3","4",2,3816,1,1,1,"0",11,3,"3",1,5,2,0,4,4,3,2,2,3,"0"
"81","1","0",26,"1","6",1,3102,3,0,1,"0",22,4,"2",0,6,4,0,4,3,3,1,3,3,"0"
"82","0","1",22,"2","4",3,2244,11,1,1,"0",13,3,"3",1,2,1,1,2,1,3,2,4,3,"0"
"83","0","0",43,"3","2",3,14336,12,1,4,"0",11,3,"3",1,25,10,3,9,1,2,2,3,3,"0"
"84","0","0",54,"2","4",2,19406,5,4,5,"0",11,3,"3",1,4,2,1,2,1,3,1,3,2,"0"
"85","0","1",31,"2","4",2,4306,7,1,2,"0",12,3,"3",1,13,10,3,12,2,3,1,2,1,"0"
"86","0","1",25,"1","2",2,4487,4,1,2,"1",11,3,"3",0,5,4,1,3,2,2,4,2,3,"0"
"87","0","0",41,"2","3",3,8392,1,1,3,"0",16,3,"3",1,10,7,0,7,2,4,1,3,3,"0"
"88","0","0",28,"3","4",2,4558,17,1,2,"0",12,3,"3",1,10,0,1,8,3,3,1,4,3,"0"
"89","0","0",52,"2","4",3,7969,3,2,3,"1",14,3,"3",0,5,4,0,4,4,2,3,3,3,"0"
"90","0","1",52,"2","2",2,16555,4,2,4,"0",13,3,"3",0,5,2,1,4,4,3,4,4,1,"0"
"91","0","1",46,"3","4",3,4810,18,2,2,"0",14,3,"3",1,10,7,0,8,3,3,3,3,2,"0"
"92","0","1",26,"3","2",3,2886,23,1,1,"0",22,4,"3",2,3,2,0,2,1,3,4,2,1,"0"
"93","1","0",19,"1","6",2,2564,2,1,1,"0",12,3,"3",0,1,0,0,0,1,2,4,3,4,"1"
"94","0","1",30,"2","5",4,8412,22,0,3,"0",11,3,"1",0,9,8,7,8,3,3,1,3,3,"0"
"95","0","1",30,"1","4",3,2564,2,0,1,"0",14,3,"1",0,11,7,6,7,3,3,4,3,2,"0"
"96","0","1",46,"2","3",3,9071,10,2,3,"1",19,3,"3",1,3,2,1,2,3,2,4,3,3,"0"
"97","1","0",33,"3","4",1,3408,10,7,1,"0",13,3,"3",3,4,3,1,3,1,1,4,1,3,"0"
"98","0","0",30,"1","3",1,2983,7,0,1,"0",14,3,"3",0,3,2,1,2,4,3,2,1,3,"0"
"99","1","0",31,"2","2",3,9824,20,3,3,"0",12,3,"2",0,1,0,0,0,1,3,3,1,3,"1"
"100","1","1",34,"3","1",3,9950,23,9,3,"1",15,3,"2",3,3,2,0,2,2,3,1,3,3,"0"
"101","0","0",41,"1","2",2,6230,10,7,2,"0",14,3,"1",0,14,3,1,10,4,3,4,4,3,"0"
"102","0","1",39,"2","2",1,3755,8,1,1,"0",11,3,"2",1,8,3,0,7,3,3,3,1,3,"0"
"103","0","0",42,"2","4",3,7406,24,1,3,"1",21,4,"3",1,10,9,5,8,4,3,1,4,2,"0"
"104","0","0",29,"3","6",3,4262,19,4,2,"0",12,3,"3",2,3,2,1,2,4,3,4,2,4,"0"
"105","0","1",33,"3","4",5,16184,1,4,4,"0",19,3,"3",1,6,1,0,5,1,4,3,3,3,"0"
"106","0","0",34,"1","2",4,5337,21,1,2,"0",12,3,"3",0,10,7,5,7,4,4,4,4,3,"0"
"107","0","0",37,"3","4",4,8834,9,1,3,"0",13,3,"1",1,9,5,7,7,1,3,2,4,3,"0"
"108","0","0",49,"3","2",4,19502,18,1,5,"1",17,3,"3",1,31,9,0,9,4,2,3,3,3,"0"
"109","0","0",26,"2","3",2,6272,28,1,2,"0",20,4,"3",2,5,3,1,4,1,3,2,4,4,"0"
"110","0","0",25,"2","4",1,2096,13,1,1,"0",11,3,"3",0,7,4,0,6,2,3,3,3,3,"0"
"111","0","0",34,"2","2",2,3622,1,1,1,"1",13,3,"3",1,6,5,1,3,2,2,4,4,3,"0"
"112","0","0",43,"3","4",5,5679,9,3,2,"1",13,3,"2",1,8,7,4,7,4,3,3,2,3,"0"
"113","0","0",21,"1","6",1,3447,22,1,1,"0",11,3,"3",0,3,2,1,2,3,3,3,3,3,"0"
"114","0","0",44,"2","5",4,19513,3,4,5,"1",12,3,"3",1,2,2,0,1,4,3,4,1,4,"0"
"115","0","1",30,"3","4",3,2083,3,1,1,"0",20,4,"2",1,1,0,0,0,3,3,3,3,3,"0"
"116","0","1",53,"1","4",1,8381,1,7,2,"0",20,4,"3",0,14,7,8,10,4,3,1,4,4,"0"
"117","0","0",35,"1","2",4,6646,6,1,2,"0",13,3,"3",0,17,11,11,8,2,1,4,2,3,"0"
"118","0","0",48,"2","3",1,8120,2,3,2,"0",12,3,"3",0,2,2,2,2,2,4,2,4,3,"0"
"119","0","0",32,"1","3",3,5396,10,1,2,"0",12,3,"3",0,10,7,0,8,4,3,4,4,2,"0"
"120","0","1",38,"1","2",4,7625,1,0,2,"0",13,3,"3",0,9,7,1,8,2,4,4,3,2,"0"
"121","0","1",27,"2","2",2,7412,1,1,3,"0",11,3,"3",0,9,7,0,7,3,3,1,4,3,"0"
"122","0","0",43,"2","2",3,6804,15,3,2,"0",18,3,"2",1,2,2,2,2,4,2,4,3,3,"0"
"123","0","1",39,"2","1",3,6389,3,9,2,"0",15,3,"3",1,8,3,3,6,3,4,2,3,1,"0"
"124","1","1",47,"1","2",2,6397,27,4,2,"1",12,3,"2",0,5,4,1,3,2,4,3,4,3,"0"
"125","1","0",55,"2","4",3,19859,2,5,5,"1",13,3,"3",1,5,2,1,4,4,3,1,4,3,"0"
"126","0","0",36,"1","2",4,7587,8,1,3,"0",15,3,"1",0,10,7,0,9,1,2,1,2,3,"0"
"127","1","0",26,"1","6",3,5326,8,6,2,"0",17,3,"3",0,4,3,1,2,4,2,1,3,2,"0"
"128","0","1",54,"3","4",4,5485,19,9,2,"1",11,3,"3",2,5,3,1,4,4,3,1,2,3,"0"
"129","0","1",38,"1","2",4,5980,2,6,2,"1",12,3,"2",0,15,7,4,12,1,4,1,4,3,"0"
"130","0","1",34,"2","2",2,6500,8,5,2,"0",17,3,"3",1,3,2,1,2,3,3,1,2,3,"0"
"131","0","0",24,"3","2",3,2694,9,1,1,"0",11,3,"1",3,1,0,0,0,3,2,2,3,3,"0"
"132","0","0",33,"2","4",3,11691,7,0,3,"0",11,3,"3",0,13,9,3,7,3,3,3,4,4,"0"
"133","0","1",47,"2","5",2,16752,2,1,4,"1",11,3,"3",1,26,14,3,0,3,3,4,3,2,"0"
"134","0","1",35,"1","2",4,2506,1,3,1,"0",13,3,"3",0,2,2,2,2,4,4,3,3,3,"0"
"135","0","1",34,"1","2",4,2553,16,1,1,"0",16,3,"2",0,5,2,1,3,3,2,4,3,3,"0"
"136","0","0",44,"1","4",3,5933,4,9,2,"0",12,3,"3",0,5,2,2,3,4,3,2,4,2,"0"
"137","0","0",22,"2","2",2,4775,1,6,2,"0",22,4,"3",2,2,2,2,2,4,2,4,1,1,"0"
"138","0","0",44,"2","2",4,2818,8,2,1,"1",24,4,"3",1,3,2,0,2,1,4,4,3,2,"0"
"139","0","0",36,"2","2",3,2342,8,0,1,"0",21,4,"3",0,5,4,0,3,1,2,1,3,3,"0"
"140","0","0",24,"2","2",1,3162,4,0,1,"0",17,3,"1",0,5,2,3,4,1,2,4,4,2,"0"
"141","0","0",38,"2","3",3,2899,9,0,1,"0",19,3,"3",1,2,2,1,2,2,2,2,4,3,"0"
"142","0","0",53,"2","3",3,11836,8,5,4,"0",14,3,"3",1,2,0,2,2,1,3,4,3,3,"0"
"143","0","1",47,"2","3",2,4537,2,0,2,"1",22,4,"3",1,7,6,7,7,3,3,4,1,3,"0"
"144","0","0",37,"1","4",2,7642,19,1,3,"1",13,3,"1",0,10,0,0,9,1,3,2,4,3,"0"
"145","0","1",29,"3","4",1,2532,7,6,1,"0",14,3,"3",3,4,3,0,3,1,2,4,3,3,"0"
"146","1","1",22,"2","2",1,4171,3,0,2,"1",19,3,"3",1,3,2,0,2,2,3,3,1,4,"0"
"147","1","0",39,"2","4",3,2404,6,7,1,"1",21,4,"3",0,2,2,2,2,4,3,1,4,1,"0"
"148","0","1",58,"3","6",3,10552,5,2,3,"1",13,3,"3",1,6,0,0,4,3,2,2,4,3,"0"
"149","0","1",32,"2","2",3,2332,1,6,1,"0",20,4,"1",0,3,0,0,2,3,2,2,3,3,"0"
"150","1","0",25,"2","3",2,2413,19,1,1,"1",18,3,"3",3,1,0,0,0,3,2,2,3,3,"1"
"151","1","0",37,"2","2",4,10609,1,5,3,"0",11,3,"3",0,14,1,11,7,1,2,3,3,1,"0"
"152","0","1",29,"2","6",3,2157,20,1,1,"0",15,3,"2",1,3,1,0,2,3,3,4,2,3,"0"
"153","1","0",31,"1","4",2,2321,9,0,1,"1",22,4,"1",0,3,2,1,2,3,2,1,1,3,"0"
"154","0","0",45,"2","2",2,3633,23,1,2,"1",15,3,"1",1,9,8,0,8,4,3,1,3,3,"0"
"155","0","1",31,"2","2",1,4148,1,1,2,"0",12,3,"2",1,4,3,0,3,3,3,1,3,3,"0"
"156","1","1",20,"1","4",3,2600,11,1,1,"1",15,3,"3",0,1,0,0,0,4,2,1,1,3,"1"
"157","0","0",22,"2","2",1,2451,8,1,1,"0",15,3,"3",1,4,3,1,1,2,1,1,1,2,"0"
"158","0","1",39,"2","2",1,12742,1,1,4,"0",16,3,"3",1,21,6,11,8,4,2,4,3,3,"0"
"159","0","0",42,"2","3",2,18303,5,6,5,"0",13,3,"3",0,1,0,0,0,4,3,3,2,4,"0"
"160","0","1",53,"2","3",3,7525,2,2,3,"0",12,3,"2",1,15,7,6,12,3,2,2,1,3,"0"
"161","0","0",50,"2","4",4,19237,2,2,5,"1",11,3,"3",1,8,1,7,7,2,3,3,4,2,"0"
"162","0","1",26,"3","4",1,2007,1,1,1,"0",13,3,"2",2,5,3,1,3,1,2,3,3,3,"0"
"163","0","1",36,"1","4",5,8858,12,0,3,"0",11,3,"3",0,14,8,7,8,4,2,4,2,2,"0"
"164","1","1",20,"1","3",3,2323,9,1,1,"1",14,3,"2",0,2,2,0,2,4,3,4,2,3,"1"
"165","0","0",27,"2","2",5,4621,8,1,1,"0",19,3,"1",3,3,2,1,2,1,1,3,4,3,"0"
"166","1","1",33,"1","4",4,4508,29,1,2,"0",22,4,"2",0,13,7,3,8,1,2,3,2,3,"0"
"167","0","0",34,"1","2",1,7756,3,0,2,"0",17,3,"2",0,6,2,0,4,1,3,4,3,2,"0"
"168","0","1",37,"3","2",4,6694,10,2,2,"1",14,3,"3",3,1,0,0,0,4,2,4,3,3,"0"
"169","1","0",50,"1","5",4,4728,1,3,2,"1",14,3,"2",0,0,0,0,0,4,3,3,4,3,"0"
"170","0","1",33,"2","2",3,4302,7,0,2,"0",17,3,"2",1,3,2,0,2,4,3,2,3,3,"0"
"171","0","0",38,"3","3",4,8740,10,0,3,"1",14,3,"3",2,8,7,2,7,3,2,3,2,3,"0"
"172","0","1",29,"3","2",4,2514,28,4,1,"0",22,4,"3",1,7,5,1,7,3,3,4,1,3,"0"
"173","0","1",43,"2","2",3,10820,27,8,3,"0",11,3,"2",1,8,7,0,1,3,3,1,3,3,"0"
"174","0","0",39,"1","2",3,6782,9,9,2,"0",15,3,"1",0,5,4,0,3,3,3,2,3,2,"0"
"175","0","0",49,"2","6",4,13120,8,6,4,"0",17,3,"3",1,9,8,2,3,4,2,2,2,3,"0"
"176","0","0",42,"1","4",3,4272,29,4,2,"0",19,3,"3",0,1,0,0,0,2,1,4,1,3,"0"
"177","1","0",18,"1","4",1,1904,8,1,1,"0",12,3,"1",0,0,0,0,0,3,3,3,4,3,"0"
"178","0","1",34,"2","2",1,5714,9,1,2,"0",20,4,"3",0,6,5,1,3,2,3,3,1,2,"0"
"179","0","0",35,"2","4",4,2258,1,6,1,"0",12,3,"3",1,8,0,1,7,4,2,3,2,3,"0"
"180","0","0",30,"2","3",3,6578,10,1,2,"0",18,3,"3",1,10,3,1,4,3,2,3,1,3,"0"
"181","0","1",40,"2","4",2,4422,26,3,2,"1",13,3,"2",1,1,1,0,0,3,2,4,4,1,"0"
"182","0","0",34,"1","4",3,5343,1,0,2,"0",20,4,"2",0,13,9,4,9,4,2,1,3,3,"0"
"183","1","1",43,"1","3",3,5346,9,8,2,"0",13,3,"3",0,4,3,1,3,1,1,3,2,2,"0"
"184","0","0",44,"1","2",3,2290,17,2,1,"0",13,3,"1",0,0,0,0,0,4,1,3,4,3,"0"
"185","0","0",40,"2","4",4,4327,2,5,2,"0",12,3,"2",3,0,0,0,0,2,3,2,4,3,"0"
"186","0","0",20,"1","3",3,2678,21,1,1,"0",17,3,"3",0,2,1,2,2,3,4,4,4,3,"0"
"187","0","1",40,"3","6",3,6852,10,7,2,"0",12,3,"3",1,5,1,1,3,2,2,2,2,4,"0"
"188","0","1",35,"2","3",2,10377,8,4,3,"1",11,3,"1",1,13,2,4,12,3,2,4,2,2,"0"
"189","0","0",31,"2","4",2,6833,11,1,2,"1",12,3,"3",0,6,5,0,1,3,3,1,4,2,"0"
"190","0","1",59,"1","2",3,5171,3,5,2,"0",17,3,"3",0,6,1,0,5,3,2,4,4,3,"0"
"191","0","0",33,"3","3",5,8380,10,0,3,"1",14,3,"3",2,9,8,0,8,4,4,3,4,3,"0"
"192","1","0",25,"1","2",1,1118,24,1,1,"1",14,3,"2",0,1,0,1,0,3,1,4,4,3,"1"
"193","0","0",59,"1","4",4,10512,18,6,3,"0",12,3,"3",0,9,7,5,4,4,3,4,4,2,"0"
"194","0","1",34,"3","4",3,4444,19,4,2,"0",13,3,"2",2,11,8,5,10,3,3,2,3,4,"0"
"195","0","1",28,"2","2",3,6674,1,0,2,"0",11,3,"1",3,9,8,7,5,3,1,4,1,3,"0"
"196","0","1",34,"1","4",2,6125,15,1,2,"0",12,3,"3",0,10,8,9,6,3,3,1,4,4,"0"
"197","0","1",35,"2","4",3,5363,1,0,2,"0",12,3,"3",1,9,7,0,0,4,2,4,2,3,"0"
"198","0","0",27,"1","2",1,5071,2,3,2,"0",20,4,"2",0,6,2,0,0,4,1,4,2,3,"0"
"199","0","1",34,"3","6",1,2029,26,1,1,"0",20,4,"1",3,5,4,0,0,1,2,3,3,3,"0"
"200","0","1",40,"3","4",1,6377,2,5,2,"0",20,4,"3",3,12,11,11,8,2,4,3,2,3,"0"
"201","0","0",26,"1","4",1,3904,2,0,1,"0",12,3,"3",0,4,3,1,1,1,2,4,4,3,"0"
"202","0","1",37,"1","4",3,3629,11,4,1,"0",18,3,"3",0,3,2,0,2,1,3,3,1,3,"0"
"203","0","0",35,"1","2",2,9362,18,2,3,"0",11,3,"2",0,2,2,2,2,3,3,4,3,3,"0"
"204","0","0",25,"2","6",3,3229,1,4,1,"0",11,3,"3",1,3,2,0,2,1,3,4,2,2,"0"
"205","0","1",56,"2","2",2,2066,1,2,1,"0",22,4,"3",1,3,2,1,0,1,3,1,4,4,"0"
"206","0","1",24,"2","4",1,4162,4,1,2,"1",12,3,"3",2,5,4,0,3,4,3,3,3,3,"0"
"207","1","0",46,"3","3",3,10096,9,4,3,"0",11,3,"3",1,7,7,4,3,1,3,4,1,4,"0"
"208","0","0",45,"3","4",3,10851,20,2,3,"1",18,3,"3",1,7,7,0,7,2,1,1,2,3,"0"
"209","0","0",40,"3","4",1,13757,8,2,3,"0",11,3,"1",1,9,8,4,8,4,2,2,3,3,"0"
"210","0","0",49,"2","6",4,6651,5,2,2,"0",14,3,"3",1,3,2,1,2,1,3,3,2,2,"0"
"211","0","0",33,"2","4",3,4373,7,0,2,"0",14,3,"2",2,4,3,0,3,4,3,1,1,3,"0"
"212","0","0",34,"1","5",3,4759,3,3,2,"0",18,3,"3",0,13,9,3,12,4,1,1,4,3,"0"
"213","0","1",44,"2","3",5,4768,1,7,2,"0",12,3,"2",1,1,0,0,0,1,3,3,3,2,"0"
"214","1","1",29,"1","6",3,5765,13,5,2,"0",11,3,"2",0,5,3,0,0,1,3,2,1,1,"0"
"215","1","0",24,"1","4",3,3172,9,2,1,"1",11,3,"2",0,0,0,0,0,2,3,1,3,2,"1"
"216","0","1",24,"2","2",2,2033,13,1,1,"0",13,3,"1",1,1,0,0,0,4,3,2,3,3,"0"
"217","0","1",49,"2","4",2,4789,3,4,2,"0",25,4,"3",1,3,2,1,2,3,2,1,1,3,"0"
"218","0","1",54,"3","4",4,16032,11,3,4,"0",20,4,"2",1,14,9,1,12,2,3,4,1,3,"0"
"219","0","0",42,"2","4",3,4841,2,4,1,"0",14,3,"3",1,1,0,0,0,3,2,2,2,3,"0"
"220","0","0",33,"1","2",3,4320,25,1,2,"0",13,3,"3",0,5,3,0,2,4,2,2,4,3,"0"
"221","0","0",40,"3","2",2,4069,8,3,2,"1",18,3,"1",0,2,2,2,2,4,3,4,3,3,"0"
"222","0","1",32,"2","2",2,5878,5,3,2,"0",12,3,"3",1,7,1,2,5,4,2,2,1,3,"0"
"223","0","0",33,"2","2",4,6392,8,2,2,"0",13,3,"3",1,2,2,2,2,1,3,1,4,1,"0"
"224","1","0",38,"2","4",3,4855,2,4,2,"0",11,3,"3",2,5,2,1,4,3,3,2,1,3,"0"
"225","0","1",36,"1","2",4,6815,1,6,2,"0",13,3,"3",0,1,0,0,0,2,3,3,1,3,"0"
"226","0","0",29,"3","2",1,8853,2,1,2,"0",19,3,"2",1,6,4,1,3,1,3,4,4,4,"0"
"227","0","0",46,"1","2",4,17567,1,1,4,"0",15,3,"3",0,26,0,0,12,4,4,1,2,1,"0"
"228","1","0",28,"2","4",3,2408,24,1,1,"1",17,3,"3",3,1,1,0,0,3,3,2,3,3,"1"
"229","0","1",22,"2","5",2,2814,26,1,1,"1",14,3,"1",0,4,2,1,3,2,2,3,2,2,"0"
"230","0","0",27,"3","5",3,4066,19,1,1,"0",11,3,"3",2,7,7,0,7,4,2,1,1,3,"0"
"231","0","1",28,"3","4",3,4877,27,0,2,"0",21,4,"3",1,5,3,0,0,2,1,1,2,2,"0"
"232","0","1",47,"2","2",4,19658,26,3,5,"0",11,3,"3",1,5,2,1,0,4,3,3,3,3,"0"
"233","0","0",39,"3","4",2,3069,3,0,2,"0",15,3,"3",1,10,8,0,7,3,2,3,4,3,"0"
"234","0","1",39,"1","4",3,5042,4,0,2,"0",13,3,"2",0,9,2,3,8,1,3,3,4,1,"0"
"235","0","0",48,"2","4",5,15202,4,2,4,"0",25,4,"2",1,2,2,2,2,3,2,4,2,3,"0"
"236","1","0",35,"3","4",2,5440,15,6,2,"1",14,3,"3",2,2,2,2,2,1,1,4,4,2,"0"
"237","0","0",29,"1","4",3,5869,10,9,2,"0",11,3,"3",0,5,2,1,4,3,2,3,3,3,"0"
"238","0","0",25,"3","2",1,5206,2,1,2,"0",17,3,"2",2,7,7,0,7,4,4,3,3,3,"0"
"239","0","1",49,"2","5",4,16413,22,3,4,"0",16,3,"3",2,4,2,1,2,1,3,2,2,3,"0"
"240","0","0",36,"1","2",3,2013,7,2,1,"0",11,3,"3",0,4,3,1,3,1,3,2,3,3,"0"
"241","0","1",49,"2","2",1,13966,6,2,4,"1",19,3,"3",1,15,11,2,12,3,2,3,2,3,"0"
"242","0","0",43,"2","2",2,17603,15,1,4,"0",24,4,"3",1,14,10,6,11,3,2,3,1,3,"0"
"243","1","0",35,"1","5",4,4581,12,3,2,"1",24,4,"2",0,11,9,6,7,4,3,4,1,4,"0"
"244","0","0",41,"1","2",2,7082,23,3,3,"1",16,3,"3",0,2,0,0,2,4,3,3,4,3,"0"
"245","0","0",53,"2","4",4,7005,24,3,3,"0",15,3,"3",0,4,3,1,2,2,4,4,3,3,"0"
"246","0","0",37,"3","4",4,9525,1,1,2,"0",14,3,"2",2,6,3,1,3,3,1,4,3,2,"0"
"247","0","0",24,"2","4",3,4401,9,1,1,"0",16,3,"3",1,5,3,0,4,3,4,3,4,3,"0"
"248","0","1",36,"1","2",4,4502,2,3,2,"0",15,3,"3",0,13,7,6,7,3,3,4,3,2,"0"
"249","0","0",46,"1","2",4,5562,13,6,2,"0",14,3,"3",0,10,7,0,9,3,3,2,4,3,"0"
"250","0","0",30,"2","2",1,2862,16,1,1,"0",12,3,"3",1,10,0,0,8,2,3,4,2,2,"0"
"251","1","0",36,"3","3",5,6134,13,5,2,"1",13,3,"3",3,2,2,2,2,2,2,1,2,3,"0"
"252","0","0",39,"2","2",3,6472,1,1,2,"1",15,3,"1",1,9,8,5,8,4,3,4,4,3,"0"
"253","0","1",27,"1","4",3,3445,8,1,1,"0",11,3,"3",0,6,2,1,4,3,3,4,3,2,"0"
"254","1","1",33,"1","2",3,8564,16,2,3,"1",20,4,"3",0,0,0,0,0,1,3,1,3,2,"0"
"255","0","0",32,"1","6",4,2718,5,2,1,"0",14,3,"1",0,7,7,0,7,2,3,2,2,3,"0"
"256","0","0",55,"2","4",3,19038,2,8,5,"0",12,3,"3",3,1,0,0,0,3,2,1,2,3,"0"
"257","0","0",43,"1","2",3,3539,2,0,1,"0",13,3,"3",0,9,7,1,8,2,3,4,2,3,"0"
"258","0","0",37,"2","3",2,4189,9,1,2,"0",14,3,"3",2,5,2,0,3,2,2,2,1,3,"0"
"259","0","0",42,"2","4",3,5538,13,5,2,"0",18,3,"3",2,0,0,0,0,2,4,1,3,2,"0"
"260","0","1",40,"3","2",3,6513,1,4,2,"0",17,3,"3",1,5,3,0,3,3,3,4,4,3,"0"
"261","0","0",58,"3","4",3,16291,2,4,4,"0",22,4,"1",1,16,9,14,14,2,3,2,4,2,"0"
"262","0","1",47,"3","2",3,10333,4,8,3,"1",12,3,"3",1,22,11,14,10,3,2,2,3,3,"0"
"263","0","0",32,"1","3",4,4648,10,8,2,"0",13,3,"2",0,0,0,0,0,4,3,4,3,4,"0"
"264","1","0",32,"1","3",4,9907,2,7,2,"1",12,3,"3",0,2,2,2,2,3,2,2,3,2,"0"
"265","0","1",46,"3","6",3,13225,3,2,4,"0",12,3,"3",1,19,17,2,8,1,4,1,4,3,"0"
"266","1","0",29,"1","2",2,2439,24,1,1,"1",24,4,"2",0,1,0,1,0,4,2,4,2,2,"1"
"267","1","0",30,"1","4",3,1081,9,1,1,"0",13,3,"3",0,1,0,0,0,2,3,4,3,2,"1"
"268","0","0",29,"1","2",3,2062,7,3,1,"0",14,3,"3",0,3,2,1,2,4,3,1,2,3,"0"
"269","0","0",40,"3","2",4,16823,1,2,4,"0",11,3,"3",1,19,7,11,16,1,3,1,1,3,"0"
"270","0","0",33,"1","3",4,5487,10,1,2,"0",14,3,"3",0,10,4,0,9,2,3,3,2,2,"0"
"271","0","1",39,"2","2",4,5736,21,6,2,"0",19,3,"1",1,3,2,1,2,1,1,3,3,3,"0"
"272","0","0",39,"2","4",2,5151,9,1,2,"0",25,4,"3",1,10,0,7,9,1,3,1,4,3,"0"
"273","0","1",58,"2","2",3,17875,21,4,4,"1",13,3,"3",1,1,0,0,0,4,3,4,3,2,"0"
"274","0","0",42,"3","3",4,5087,12,3,2,"1",12,3,"3",2,0,0,0,0,2,3,4,3,3,"0"
"275","0","0",31,"3","4",2,3065,3,1,1,"1",13,3,"1",1,4,2,2,3,3,3,1,4,4,"0"
"276","0","0",29,"2","2",3,5373,1,0,2,"0",12,3,"3",1,5,3,0,2,1,3,1,1,2,"0"
"277","1","0",28,"3","6",3,2367,17,5,1,"0",12,3,"3",1,4,1,0,3,3,2,4,1,2,"0"
"278","0","1",31,"3","4",1,1129,2,1,1,"1",11,3,"3",3,1,0,0,0,4,1,4,3,3,"0"
"279","0","0",42,"1","2",2,4332,23,1,2,"0",12,3,"1",0,20,9,3,7,4,2,3,4,3,"0"
"280","0","1",54,"1","4",3,4440,10,6,2,"1",19,3,"3",0,5,2,1,4,3,3,1,4,3,"0"
"281","0","0",33,"3","4",2,2008,1,1,1,"0",12,3,"1",3,1,1,0,0,2,2,3,3,2,"0"
"282","0","0",38,"2","2",4,5321,6,2,2,"0",11,3,"2",1,8,3,7,7,1,2,3,4,3,"0"
"283","0","0",35,"2","4",4,2660,11,7,1,"1",11,3,"3",1,2,2,2,2,4,3,3,3,3,"0"
"284","0","0",22,"1","2",2,3375,1,0,1,"0",12,3,"3",0,3,2,1,2,4,3,3,4,4,"0"
"285","0","1",33,"2","4",2,4878,15,0,2,"1",13,3,"3",1,9,7,8,1,2,3,4,1,3,"0"
"286","0","0",40,"2","2",4,2406,1,8,1,"0",19,3,"3",2,1,0,0,0,1,3,4,3,2,"0"
"287","0","0",32,"2","4",4,2269,1,0,1,"0",14,3,"3",1,2,2,2,2,2,2,2,2,3,"0"
"288","0","1",37,"2","2",3,13744,10,1,3,"1",25,4,"3",1,16,11,6,8,3,4,4,1,3,"0"
"289","0","1",45,"1","2",3,4850,20,8,2,"0",15,3,"3",0,5,3,0,1,4,3,3,3,3,"0"
"290","0","1",40,"2","4",4,2001,2,2,1,"0",14,3,"3",3,5,3,0,2,3,3,3,2,3,"0"
"291","0","0",29,"2","5",2,4025,13,4,2,"1",13,3,"3",1,4,3,0,3,4,2,2,1,3,"0"
"292","0","1",39,"2","3",1,12031,24,0,4,"0",11,3,"3",1,20,9,9,6,2,2,4,1,2,"0"
"293","0","0",36,"2","4",2,2571,23,4,2,"0",17,3,"2",1,5,2,0,3,3,4,4,3,3,"0"
"294","0","0",39,"2","4",1,9991,6,4,3,"0",15,3,"3",1,7,7,1,7,4,2,1,1,3,"0"
